{
  "success":true,
  "terms":"https:\/\/currencylayer.com\/terms",
  "privacy":"https:\/\/currencylayer.com\/privacy",
  "timestamp":1589474109,
  "source":"USD",
  "quotes":{
    "USDAED":3.67315,
    "USDAFN":76.650382,
    "USDALL":114.34957,
    "USDAMD":488.901289,
    "USDANG":1.796356,
    "USDAOA":551.430372,
    "USDARS":67.632502,
    "USDAUD":1.55716,
    "USDAWG":1.8,
    "USDAZN":1.700206,
    "USDBAM":1.813657,
    "USDBBD":2.020587,
    "USDBDT":85.00526,
    "USDBGN":1.811535,
    "USDBHD":0.377574,
    "USDBIF":1909,
    "USDBMD":1,
    "USDBND":1.425187,
    "USDBOB":6.900078,
    "USDBRL":5.918004,
    "USDBSD":1.000788,
    "USDBTC":0.000104,
    "USDBTN":75.524601,
    "USDBWP":12.248537,
    "USDBYN":2.455618,
    "USDBYR":19600,
    "USDBZD":2.017081,
    "USDCAD":1.408735,
    "USDCDF":1813.999875,
    "USDCHF":0.97417,
    "USDCLF":0.029812,
    "USDCLP":822.504849,
    "USDCNY":7.095803,
    "USDCOP":3949.11,
    "USDCRC":569.535498,
    "USDCUC":1,
    "USDCUP":26.5,
    "USDCVE":102.550352,
    "USDCZK":25.627022,
    "USDDJF":177.720037,
    "USDDKK":6.91501,
    "USDDOP":55.103454,
    "USDDZD":128.901946,
    "USDEGP":15.738897,
    "USDERN":14.999762,
    "USDETB":33.79891,
    "USDEUR":0.92724,
    "USDFJD":2.251978,
    "USDFKP":0.8205,
    "USDGBP":0.82067,
    "USDGEL":3.21501,
    "USDGGP":0.8205,
    "USDGHS":5.779794,
    "USDGIP":0.8205,
    "USDGMD":51.449946,
    "USDGNF":9449.999929,
    "USDGTQ":7.703963,
    "USDGYD":208.95813,
    "USDHKD":7.751465,
    "USDHNL":24.980107,
    "USDHRK":7.022903,
    "USDHTG":106.13049,
    "USDHUF":328.600975,
    "USDIDR":14944.55,
    "USDILS":3.54601,
    "USDIMP":0.8205,
    "USDINR":75.52005,
    "USDIQD":1190,
    "USDIRR":42105.000069,
    "USDISK":146.739913,
    "USDJEP":0.8205,
    "USDJMD":146.08336,
    "USDJOD":0.709002,
    "USDJPY":107.187499,
    "USDKES":106.74777,
    "USDKGS":76.079924,
    "USDKHR":4095.00018,
    "USDKMF":456.249928,
    "USDKPW":900.053684,
    "USDKRW":1231.029762,
    "USDKWD":0.309199,
    "USDKYD":0.833959,
    "USDKZT":423.64559,
    "USDLAK":9006.00029,
    "USDLBP":1514.000134,
    "USDLKR":187.88317,
    "USDLRD":198.37499,
    "USDLSL":18.397068,
    "USDLTL":2.952739,
    "USDLVL":0.60489,
    "USDLYD":1.415001,
    "USDMAD":9.865976,
    "USDMDL":17.812738,
    "USDMGA":3815.000158,
    "USDMKD":57.094275,
    "USDMMK":1412.00099,
    "USDMNT":2796.219443,
    "USDMOP":7.98889,
    "USDMRO":357.000014,
    "USDMUR":40.048959,
    "USDMVR":15.450138,
    "USDMWK":735.000283,
    "USDMXN":24.25098,
    "USDMYR":4.3405,
    "USDMZN":68.297117,
    "USDNAD":18.389794,
    "USDNGN":390.000347,
    "USDNIO":33.801184,
    "USDNOK":10.238925,
    "USDNPR":120.83903,
    "USDNZD":1.676305,
    "USDOMR":0.384986,
    "USDPAB":1.000788,
    "USDPEN":3.457051,
    "USDPGK":3.419688,
    "USDPHP":50.525499,
    "USDPKR":160.250009,
    "USDPLN":4.23428,
    "USDPYG":6565.864502,
    "USDQAR":3.640973,
    "USDRON":4.486103,
    "USDRSD":109.034976,
    "USDRUB":73.887298,
    "USDRWF":935,
    "USDSAR":3.757588,
    "USDSBD":8.371865,
    "USDSCR":14.393561,
    "USDSDG":55.32503,
    "USDSEK":9.855075,
    "USDSGD":1.426155,
    "USDSHP":0.8205,
    "USDSLL":9855.000312,
    "USDSOS":583.00022,
    "USDSRD":7.457977,
    "USDSTD":22050.693068,
    "USDSVC":8.756572,
    "USDSYP":513.094521,
    "USDSZL":18.530457,
    "USDTHB":32.079649,
    "USDTJS":10.266917,
    "USDTMT":3.5,
    "USDTND":2.90325,
    "USDTOP":2.319201,
    "USDTRY":6.947395,
    "USDTTD":6.746232,
    "USDTWD":29.937969,
    "USDTZS":2315.70265,
    "USDUAH":26.691888,
    "USDUGX":3789.560602,
    "USDUSD":1,
    "USDUYU":43.620987,
    "USDUZS":10107.501827,
    "USDVEF":9.987506,
    "USDVND":23335.5,
    "USDVUV":121.286279,
    "USDWST":2.758135,
    "USDXAF":608.28001,
    "USDXAG":0.063349,
    "USDXAU":0.000576,
    "USDXCD":2.70255,
    "USDXDR":0.734421,
    "USDXOF":606.999785,
    "USDXPF":110.874955,
    "USDYER":250.374974,
    "USDZAR":18.565435,
    "USDZMK":9001.202664,
    "USDZMW":18.287741,
    "USDZWL":322.000001
  }
}